[{"key":0,"number":"000","status":"Disponivel","participant_id":0},{"key":1,"number":"001","status":"Disponivel","participant_id":0},{"key":2,"number":"002","status":"Disponivel","participant_id":0},{"key":3,"number":"003","status":"Disponivel","participant_id":0},{"key":4,"number":"004","status":"Reservado","participant_id":149},{"key":5,"number":"005","status":"Disponivel","participant_id":0},{"key":6,"number":"006","status":"Reservado","participant_id":149},{"key":7,"number":"007","status":"Disponivel","participant_id":0},{"key":8,"number":"008","status":"Disponivel","participant_id":0},{"key":9,"number":"009","status":"Disponivel","participant_id":0},{"key":10,"number":"010","status":"Disponivel","participant_id":0},{"key":11,"number":"011","status":"Disponivel","participant_id":0},{"key":12,"number":"012","status":"Disponivel","participant_id":0},{"key":13,"number":"013","status":"Disponivel","participant_id":0},{"key":14,"number":"014","status":"Disponivel","participant_id":0},{"key":15,"number":"015","status":"Disponivel","participant_id":0},{"key":16,"number":"016","status":"Disponivel","participant_id":0},{"key":17,"number":"017","status":"Disponivel","participant_id":0},{"key":18,"number":"018","status":"Disponivel","participant_id":0},{"key":19,"number":"019","status":"Disponivel","participant_id":0},{"key":20,"number":"020","status":"Disponivel","participant_id":0},{"key":21,"number":"021","status":"Disponivel","participant_id":0},{"key":22,"number":"022","status":"Disponivel","participant_id":0},{"key":23,"number":"023","status":"Disponivel","participant_id":0},{"key":24,"number":"024","status":"Disponivel","participant_id":0},{"key":25,"number":"025","status":"Disponivel","participant_id":0},{"key":26,"number":"026","status":"Disponivel","participant_id":0},{"key":27,"number":"027","status":"Disponivel","participant_id":0},{"key":28,"number":"028","status":"Disponivel","participant_id":0},{"key":29,"number":"029","status":"Disponivel","participant_id":0},{"key":30,"number":"030","status":"Disponivel","participant_id":0},{"key":31,"number":"031","status":"Disponivel","participant_id":0},{"key":32,"number":"032","status":"Disponivel","participant_id":0},{"key":33,"number":"033","status":"Disponivel","participant_id":0},{"key":34,"number":"034","status":"Disponivel","participant_id":0},{"key":35,"number":"035","status":"Disponivel","participant_id":0},{"key":36,"number":"036","status":"Disponivel","participant_id":0},{"key":37,"number":"037","status":"Disponivel","participant_id":0},{"key":38,"number":"038","status":"Disponivel","participant_id":0},{"key":39,"number":"039","status":"Disponivel","participant_id":0},{"key":40,"number":"040","status":"Disponivel","participant_id":0},{"key":41,"number":"041","status":"Disponivel","participant_id":0},{"key":42,"number":"042","status":"Disponivel","participant_id":0},{"key":43,"number":"043","status":"Disponivel","participant_id":0},{"key":44,"number":"044","status":"Disponivel","participant_id":0},{"key":45,"number":"045","status":"Disponivel","participant_id":0},{"key":46,"number":"046","status":"Disponivel","participant_id":0},{"key":47,"number":"047","status":"Disponivel","participant_id":0},{"key":48,"number":"048","status":"Disponivel","participant_id":0},{"key":49,"number":"049","status":"Disponivel","participant_id":0},{"key":50,"number":"050","status":"Disponivel","participant_id":0},{"key":51,"number":"051","status":"Disponivel","participant_id":0},{"key":52,"number":"052","status":"Disponivel","participant_id":0},{"key":53,"number":"053","status":"Disponivel","participant_id":0},{"key":54,"number":"054","status":"Disponivel","participant_id":0},{"key":55,"number":"055","status":"Disponivel","participant_id":0},{"key":56,"number":"056","status":"Disponivel","participant_id":0},{"key":57,"number":"057","status":"Disponivel","participant_id":0},{"key":58,"number":"058","status":"Disponivel","participant_id":0},{"key":59,"number":"059","status":"Disponivel","participant_id":0},{"key":60,"number":"060","status":"Disponivel","participant_id":0},{"key":61,"number":"061","status":"Disponivel","participant_id":0},{"key":62,"number":"062","status":"Disponivel","participant_id":0},{"key":63,"number":"063","status":"Disponivel","participant_id":0},{"key":64,"number":"064","status":"Disponivel","participant_id":0},{"key":65,"number":"065","status":"Disponivel","participant_id":0},{"key":66,"number":"066","status":"Disponivel","participant_id":0},{"key":67,"number":"067","status":"Disponivel","participant_id":0},{"key":68,"number":"068","status":"Disponivel","participant_id":0},{"key":69,"number":"069","status":"Disponivel","participant_id":0},{"key":70,"number":"070","status":"Disponivel","participant_id":0},{"key":71,"number":"071","status":"Disponivel","participant_id":0},{"key":72,"number":"072","status":"Disponivel","participant_id":0},{"key":73,"number":"073","status":"Disponivel","participant_id":0},{"key":74,"number":"074","status":"Disponivel","participant_id":0},{"key":75,"number":"075","status":"Disponivel","participant_id":0},{"key":76,"number":"076","status":"Disponivel","participant_id":0},{"key":77,"number":"077","status":"Disponivel","participant_id":0},{"key":78,"number":"078","status":"Disponivel","participant_id":0},{"key":79,"number":"079","status":"Disponivel","participant_id":0},{"key":80,"number":"080","status":"Disponivel","participant_id":0},{"key":81,"number":"081","status":"Disponivel","participant_id":0},{"key":82,"number":"082","status":"Disponivel","participant_id":0},{"key":83,"number":"083","status":"Disponivel","participant_id":0},{"key":84,"number":"084","status":"Disponivel","participant_id":0},{"key":85,"number":"085","status":"Disponivel","participant_id":0},{"key":86,"number":"086","status":"Disponivel","participant_id":0},{"key":87,"number":"087","status":"Disponivel","participant_id":0},{"key":88,"number":"088","status":"Disponivel","participant_id":0},{"key":89,"number":"089","status":"Disponivel","participant_id":0},{"key":90,"number":"090","status":"Disponivel","participant_id":0},{"key":91,"number":"091","status":"Disponivel","participant_id":0},{"key":92,"number":"092","status":"Disponivel","participant_id":0},{"key":93,"number":"093","status":"Disponivel","participant_id":0},{"key":94,"number":"094","status":"Disponivel","participant_id":0},{"key":95,"number":"095","status":"Disponivel","participant_id":0},{"key":96,"number":"096","status":"Disponivel","participant_id":0},{"key":97,"number":"097","status":"Disponivel","participant_id":0},{"key":98,"number":"098","status":"Disponivel","participant_id":0},{"key":99,"number":"099","status":"Disponivel","participant_id":0},{"key":100,"number":"100","status":"Disponivel","participant_id":0},{"key":101,"number":"101","status":"Disponivel","participant_id":0},{"key":102,"number":"102","status":"Disponivel","participant_id":0},{"key":103,"number":"103","status":"Disponivel","participant_id":0},{"key":104,"number":"104","status":"Disponivel","participant_id":0},{"key":105,"number":"105","status":"Disponivel","participant_id":0},{"key":106,"number":"106","status":"Disponivel","participant_id":0},{"key":107,"number":"107","status":"Disponivel","participant_id":0},{"key":108,"number":"108","status":"Disponivel","participant_id":0},{"key":109,"number":"109","status":"Disponivel","participant_id":0},{"key":110,"number":"110","status":"Disponivel","participant_id":0},{"key":111,"number":"111","status":"Disponivel","participant_id":0},{"key":112,"number":"112","status":"Disponivel","participant_id":0},{"key":113,"number":"113","status":"Disponivel","participant_id":0},{"key":114,"number":"114","status":"Disponivel","participant_id":0},{"key":115,"number":"115","status":"Disponivel","participant_id":0},{"key":116,"number":"116","status":"Disponivel","participant_id":0},{"key":117,"number":"117","status":"Disponivel","participant_id":0},{"key":118,"number":"118","status":"Disponivel","participant_id":0},{"key":119,"number":"119","status":"Disponivel","participant_id":0},{"key":120,"number":"120","status":"Disponivel","participant_id":0},{"key":121,"number":"121","status":"Disponivel","participant_id":0},{"key":122,"number":"122","status":"Disponivel","participant_id":0},{"key":123,"number":"123","status":"Disponivel","participant_id":0},{"key":124,"number":"124","status":"Disponivel","participant_id":0},{"key":125,"number":"125","status":"Disponivel","participant_id":0},{"key":126,"number":"126","status":"Disponivel","participant_id":0},{"key":127,"number":"127","status":"Disponivel","participant_id":0},{"key":128,"number":"128","status":"Disponivel","participant_id":0},{"key":129,"number":"129","status":"Disponivel","participant_id":0},{"key":130,"number":"130","status":"Disponivel","participant_id":0},{"key":131,"number":"131","status":"Disponivel","participant_id":0},{"key":132,"number":"132","status":"Disponivel","participant_id":0},{"key":133,"number":"133","status":"Disponivel","participant_id":0},{"key":134,"number":"134","status":"Disponivel","participant_id":0},{"key":135,"number":"135","status":"Disponivel","participant_id":0},{"key":136,"number":"136","status":"Disponivel","participant_id":0},{"key":137,"number":"137","status":"Disponivel","participant_id":0},{"key":138,"number":"138","status":"Disponivel","participant_id":0},{"key":139,"number":"139","status":"Disponivel","participant_id":0},{"key":140,"number":"140","status":"Disponivel","participant_id":0},{"key":141,"number":"141","status":"Disponivel","participant_id":0},{"key":142,"number":"142","status":"Disponivel","participant_id":0},{"key":143,"number":"143","status":"Disponivel","participant_id":0},{"key":144,"number":"144","status":"Disponivel","participant_id":0},{"key":145,"number":"145","status":"Disponivel","participant_id":0},{"key":146,"number":"146","status":"Disponivel","participant_id":0},{"key":147,"number":"147","status":"Disponivel","participant_id":0},{"key":148,"number":"148","status":"Disponivel","participant_id":0},{"key":149,"number":"149","status":"Disponivel","participant_id":0},{"key":150,"number":"150","status":"Disponivel","participant_id":0},{"key":151,"number":"151","status":"Disponivel","participant_id":0},{"key":152,"number":"152","status":"Disponivel","participant_id":0},{"key":153,"number":"153","status":"Disponivel","participant_id":0},{"key":154,"number":"154","status":"Disponivel","participant_id":0},{"key":155,"number":"155","status":"Disponivel","participant_id":0},{"key":156,"number":"156","status":"Disponivel","participant_id":0},{"key":157,"number":"157","status":"Disponivel","participant_id":0},{"key":158,"number":"158","status":"Disponivel","participant_id":0},{"key":159,"number":"159","status":"Disponivel","participant_id":0},{"key":160,"number":"160","status":"Disponivel","participant_id":0},{"key":161,"number":"161","status":"Disponivel","participant_id":0},{"key":162,"number":"162","status":"Disponivel","participant_id":0},{"key":163,"number":"163","status":"Disponivel","participant_id":0},{"key":164,"number":"164","status":"Disponivel","participant_id":0},{"key":165,"number":"165","status":"Disponivel","participant_id":0},{"key":166,"number":"166","status":"Disponivel","participant_id":0},{"key":167,"number":"167","status":"Disponivel","participant_id":0},{"key":168,"number":"168","status":"Disponivel","participant_id":0},{"key":169,"number":"169","status":"Disponivel","participant_id":0},{"key":170,"number":"170","status":"Disponivel","participant_id":0},{"key":171,"number":"171","status":"Disponivel","participant_id":0},{"key":172,"number":"172","status":"Disponivel","participant_id":0},{"key":173,"number":"173","status":"Disponivel","participant_id":0},{"key":174,"number":"174","status":"Disponivel","participant_id":0},{"key":175,"number":"175","status":"Disponivel","participant_id":0},{"key":176,"number":"176","status":"Disponivel","participant_id":0},{"key":177,"number":"177","status":"Disponivel","participant_id":0},{"key":178,"number":"178","status":"Disponivel","participant_id":0},{"key":179,"number":"179","status":"Disponivel","participant_id":0},{"key":180,"number":"180","status":"Disponivel","participant_id":0},{"key":181,"number":"181","status":"Disponivel","participant_id":0},{"key":182,"number":"182","status":"Disponivel","participant_id":0},{"key":183,"number":"183","status":"Disponivel","participant_id":0},{"key":184,"number":"184","status":"Disponivel","participant_id":0},{"key":185,"number":"185","status":"Disponivel","participant_id":0},{"key":186,"number":"186","status":"Disponivel","participant_id":0},{"key":187,"number":"187","status":"Disponivel","participant_id":0},{"key":188,"number":"188","status":"Disponivel","participant_id":0},{"key":189,"number":"189","status":"Disponivel","participant_id":0},{"key":190,"number":"190","status":"Disponivel","participant_id":0},{"key":191,"number":"191","status":"Disponivel","participant_id":0},{"key":192,"number":"192","status":"Disponivel","participant_id":0},{"key":193,"number":"193","status":"Disponivel","participant_id":0},{"key":194,"number":"194","status":"Disponivel","participant_id":0},{"key":195,"number":"195","status":"Disponivel","participant_id":0},{"key":196,"number":"196","status":"Disponivel","participant_id":0},{"key":197,"number":"197","status":"Disponivel","participant_id":0},{"key":198,"number":"198","status":"Disponivel","participant_id":0},{"key":199,"number":"199","status":"Disponivel","participant_id":0},{"key":200,"number":"200","status":"Disponivel","participant_id":0},{"key":201,"number":"201","status":"Disponivel","participant_id":0},{"key":202,"number":"202","status":"Disponivel","participant_id":0},{"key":203,"number":"203","status":"Disponivel","participant_id":0},{"key":204,"number":"204","status":"Disponivel","participant_id":0},{"key":205,"number":"205","status":"Disponivel","participant_id":0},{"key":206,"number":"206","status":"Disponivel","participant_id":0},{"key":207,"number":"207","status":"Disponivel","participant_id":0},{"key":208,"number":"208","status":"Disponivel","participant_id":0},{"key":209,"number":"209","status":"Disponivel","participant_id":0},{"key":210,"number":"210","status":"Disponivel","participant_id":0},{"key":211,"number":"211","status":"Disponivel","participant_id":0},{"key":212,"number":"212","status":"Disponivel","participant_id":0},{"key":213,"number":"213","status":"Disponivel","participant_id":0},{"key":214,"number":"214","status":"Disponivel","participant_id":0},{"key":215,"number":"215","status":"Disponivel","participant_id":0},{"key":216,"number":"216","status":"Disponivel","participant_id":0},{"key":217,"number":"217","status":"Disponivel","participant_id":0},{"key":218,"number":"218","status":"Disponivel","participant_id":0},{"key":219,"number":"219","status":"Disponivel","participant_id":0},{"key":220,"number":"220","status":"Disponivel","participant_id":0},{"key":221,"number":"221","status":"Disponivel","participant_id":0},{"key":222,"number":"222","status":"Disponivel","participant_id":0},{"key":223,"number":"223","status":"Disponivel","participant_id":0},{"key":224,"number":"224","status":"Disponivel","participant_id":0},{"key":225,"number":"225","status":"Disponivel","participant_id":0},{"key":226,"number":"226","status":"Disponivel","participant_id":0},{"key":227,"number":"227","status":"Disponivel","participant_id":0},{"key":228,"number":"228","status":"Disponivel","participant_id":0},{"key":229,"number":"229","status":"Disponivel","participant_id":0},{"key":230,"number":"230","status":"Disponivel","participant_id":0},{"key":231,"number":"231","status":"Disponivel","participant_id":0},{"key":232,"number":"232","status":"Disponivel","participant_id":0},{"key":233,"number":"233","status":"Disponivel","participant_id":0},{"key":234,"number":"234","status":"Disponivel","participant_id":0},{"key":235,"number":"235","status":"Disponivel","participant_id":0},{"key":236,"number":"236","status":"Disponivel","participant_id":0},{"key":237,"number":"237","status":"Disponivel","participant_id":0},{"key":238,"number":"238","status":"Disponivel","participant_id":0},{"key":239,"number":"239","status":"Disponivel","participant_id":0},{"key":240,"number":"240","status":"Disponivel","participant_id":0},{"key":241,"number":"241","status":"Disponivel","participant_id":0},{"key":242,"number":"242","status":"Disponivel","participant_id":0},{"key":243,"number":"243","status":"Disponivel","participant_id":0},{"key":244,"number":"244","status":"Disponivel","participant_id":0},{"key":245,"number":"245","status":"Disponivel","participant_id":0},{"key":246,"number":"246","status":"Disponivel","participant_id":0},{"key":247,"number":"247","status":"Disponivel","participant_id":0},{"key":248,"number":"248","status":"Disponivel","participant_id":0},{"key":249,"number":"249","status":"Disponivel","participant_id":0},{"key":250,"number":"250","status":"Disponivel","participant_id":0},{"key":251,"number":"251","status":"Disponivel","participant_id":0},{"key":252,"number":"252","status":"Disponivel","participant_id":0},{"key":253,"number":"253","status":"Disponivel","participant_id":0},{"key":254,"number":"254","status":"Disponivel","participant_id":0},{"key":255,"number":"255","status":"Disponivel","participant_id":0},{"key":256,"number":"256","status":"Disponivel","participant_id":0},{"key":257,"number":"257","status":"Disponivel","participant_id":0},{"key":258,"number":"258","status":"Disponivel","participant_id":0},{"key":259,"number":"259","status":"Disponivel","participant_id":0},{"key":260,"number":"260","status":"Disponivel","participant_id":0},{"key":261,"number":"261","status":"Disponivel","participant_id":0},{"key":262,"number":"262","status":"Disponivel","participant_id":0},{"key":263,"number":"263","status":"Disponivel","participant_id":0},{"key":264,"number":"264","status":"Disponivel","participant_id":0},{"key":265,"number":"265","status":"Disponivel","participant_id":0},{"key":266,"number":"266","status":"Disponivel","participant_id":0},{"key":267,"number":"267","status":"Disponivel","participant_id":0},{"key":268,"number":"268","status":"Disponivel","participant_id":0},{"key":269,"number":"269","status":"Disponivel","participant_id":0},{"key":270,"number":"270","status":"Disponivel","participant_id":0},{"key":271,"number":"271","status":"Disponivel","participant_id":0},{"key":272,"number":"272","status":"Disponivel","participant_id":0},{"key":273,"number":"273","status":"Disponivel","participant_id":0},{"key":274,"number":"274","status":"Disponivel","participant_id":0},{"key":275,"number":"275","status":"Disponivel","participant_id":0},{"key":276,"number":"276","status":"Disponivel","participant_id":0},{"key":277,"number":"277","status":"Disponivel","participant_id":0},{"key":278,"number":"278","status":"Disponivel","participant_id":0},{"key":279,"number":"279","status":"Disponivel","participant_id":0},{"key":280,"number":"280","status":"Disponivel","participant_id":0},{"key":281,"number":"281","status":"Disponivel","participant_id":0},{"key":282,"number":"282","status":"Disponivel","participant_id":0},{"key":283,"number":"283","status":"Disponivel","participant_id":0},{"key":284,"number":"284","status":"Disponivel","participant_id":0},{"key":285,"number":"285","status":"Disponivel","participant_id":0},{"key":286,"number":"286","status":"Disponivel","participant_id":0},{"key":287,"number":"287","status":"Disponivel","participant_id":0},{"key":288,"number":"288","status":"Disponivel","participant_id":0},{"key":289,"number":"289","status":"Disponivel","participant_id":0},{"key":290,"number":"290","status":"Disponivel","participant_id":0},{"key":291,"number":"291","status":"Disponivel","participant_id":0},{"key":292,"number":"292","status":"Disponivel","participant_id":0},{"key":293,"number":"293","status":"Disponivel","participant_id":0},{"key":294,"number":"294","status":"Disponivel","participant_id":0},{"key":295,"number":"295","status":"Disponivel","participant_id":0},{"key":296,"number":"296","status":"Disponivel","participant_id":0},{"key":297,"number":"297","status":"Disponivel","participant_id":0},{"key":298,"number":"298","status":"Disponivel","participant_id":0},{"key":299,"number":"299","status":"Disponivel","participant_id":0},{"key":300,"number":"300","status":"Disponivel","participant_id":0},{"key":301,"number":"301","status":"Disponivel","participant_id":0},{"key":302,"number":"302","status":"Disponivel","participant_id":0},{"key":303,"number":"303","status":"Disponivel","participant_id":0},{"key":304,"number":"304","status":"Disponivel","participant_id":0},{"key":305,"number":"305","status":"Disponivel","participant_id":0},{"key":306,"number":"306","status":"Disponivel","participant_id":0},{"key":307,"number":"307","status":"Disponivel","participant_id":0},{"key":308,"number":"308","status":"Disponivel","participant_id":0},{"key":309,"number":"309","status":"Disponivel","participant_id":0},{"key":310,"number":"310","status":"Disponivel","participant_id":0},{"key":311,"number":"311","status":"Disponivel","participant_id":0},{"key":312,"number":"312","status":"Disponivel","participant_id":0},{"key":313,"number":"313","status":"Disponivel","participant_id":0},{"key":314,"number":"314","status":"Disponivel","participant_id":0},{"key":315,"number":"315","status":"Disponivel","participant_id":0},{"key":316,"number":"316","status":"Disponivel","participant_id":0},{"key":317,"number":"317","status":"Disponivel","participant_id":0},{"key":318,"number":"318","status":"Disponivel","participant_id":0},{"key":319,"number":"319","status":"Disponivel","participant_id":0},{"key":320,"number":"320","status":"Disponivel","participant_id":0},{"key":321,"number":"321","status":"Disponivel","participant_id":0},{"key":322,"number":"322","status":"Disponivel","participant_id":0},{"key":323,"number":"323","status":"Disponivel","participant_id":0},{"key":324,"number":"324","status":"Disponivel","participant_id":0},{"key":325,"number":"325","status":"Disponivel","participant_id":0},{"key":326,"number":"326","status":"Disponivel","participant_id":0},{"key":327,"number":"327","status":"Disponivel","participant_id":0},{"key":328,"number":"328","status":"Disponivel","participant_id":0},{"key":329,"number":"329","status":"Disponivel","participant_id":0},{"key":330,"number":"330","status":"Disponivel","participant_id":0},{"key":331,"number":"331","status":"Disponivel","participant_id":0},{"key":332,"number":"332","status":"Disponivel","participant_id":0},{"key":333,"number":"333","status":"Disponivel","participant_id":0},{"key":334,"number":"334","status":"Disponivel","participant_id":0},{"key":335,"number":"335","status":"Disponivel","participant_id":0},{"key":336,"number":"336","status":"Disponivel","participant_id":0},{"key":337,"number":"337","status":"Disponivel","participant_id":0},{"key":338,"number":"338","status":"Disponivel","participant_id":0},{"key":339,"number":"339","status":"Disponivel","participant_id":0},{"key":340,"number":"340","status":"Disponivel","participant_id":0},{"key":341,"number":"341","status":"Disponivel","participant_id":0},{"key":342,"number":"342","status":"Disponivel","participant_id":0},{"key":343,"number":"343","status":"Disponivel","participant_id":0},{"key":344,"number":"344","status":"Disponivel","participant_id":0},{"key":345,"number":"345","status":"Disponivel","participant_id":0},{"key":346,"number":"346","status":"Disponivel","participant_id":0},{"key":347,"number":"347","status":"Disponivel","participant_id":0},{"key":348,"number":"348","status":"Disponivel","participant_id":0},{"key":349,"number":"349","status":"Disponivel","participant_id":0},{"key":350,"number":"350","status":"Disponivel","participant_id":0},{"key":351,"number":"351","status":"Disponivel","participant_id":0},{"key":352,"number":"352","status":"Disponivel","participant_id":0},{"key":353,"number":"353","status":"Disponivel","participant_id":0},{"key":354,"number":"354","status":"Disponivel","participant_id":0},{"key":355,"number":"355","status":"Disponivel","participant_id":0},{"key":356,"number":"356","status":"Disponivel","participant_id":0},{"key":357,"number":"357","status":"Disponivel","participant_id":0},{"key":358,"number":"358","status":"Disponivel","participant_id":0},{"key":359,"number":"359","status":"Disponivel","participant_id":0},{"key":360,"number":"360","status":"Disponivel","participant_id":0},{"key":361,"number":"361","status":"Disponivel","participant_id":0},{"key":362,"number":"362","status":"Disponivel","participant_id":0},{"key":363,"number":"363","status":"Disponivel","participant_id":0},{"key":364,"number":"364","status":"Disponivel","participant_id":0},{"key":365,"number":"365","status":"Disponivel","participant_id":0},{"key":366,"number":"366","status":"Disponivel","participant_id":0},{"key":367,"number":"367","status":"Disponivel","participant_id":0},{"key":368,"number":"368","status":"Disponivel","participant_id":0},{"key":369,"number":"369","status":"Disponivel","participant_id":0},{"key":370,"number":"370","status":"Disponivel","participant_id":0},{"key":371,"number":"371","status":"Disponivel","participant_id":0},{"key":372,"number":"372","status":"Disponivel","participant_id":0},{"key":373,"number":"373","status":"Disponivel","participant_id":0},{"key":374,"number":"374","status":"Disponivel","participant_id":0},{"key":375,"number":"375","status":"Disponivel","participant_id":0},{"key":376,"number":"376","status":"Disponivel","participant_id":0},{"key":377,"number":"377","status":"Disponivel","participant_id":0},{"key":378,"number":"378","status":"Disponivel","participant_id":0},{"key":379,"number":"379","status":"Disponivel","participant_id":0},{"key":380,"number":"380","status":"Disponivel","participant_id":0},{"key":381,"number":"381","status":"Disponivel","participant_id":0},{"key":382,"number":"382","status":"Disponivel","participant_id":0},{"key":383,"number":"383","status":"Disponivel","participant_id":0},{"key":384,"number":"384","status":"Disponivel","participant_id":0},{"key":385,"number":"385","status":"Disponivel","participant_id":0},{"key":386,"number":"386","status":"Disponivel","participant_id":0},{"key":387,"number":"387","status":"Disponivel","participant_id":0},{"key":388,"number":"388","status":"Disponivel","participant_id":0},{"key":389,"number":"389","status":"Disponivel","participant_id":0},{"key":390,"number":"390","status":"Disponivel","participant_id":0},{"key":391,"number":"391","status":"Disponivel","participant_id":0},{"key":392,"number":"392","status":"Disponivel","participant_id":0},{"key":393,"number":"393","status":"Disponivel","participant_id":0},{"key":394,"number":"394","status":"Disponivel","participant_id":0},{"key":395,"number":"395","status":"Disponivel","participant_id":0},{"key":396,"number":"396","status":"Disponivel","participant_id":0},{"key":397,"number":"397","status":"Disponivel","participant_id":0},{"key":398,"number":"398","status":"Disponivel","participant_id":0},{"key":399,"number":"399","status":"Disponivel","participant_id":0},{"key":400,"number":"400","status":"Disponivel","participant_id":0},{"key":401,"number":"401","status":"Disponivel","participant_id":0},{"key":402,"number":"402","status":"Disponivel","participant_id":0},{"key":403,"number":"403","status":"Disponivel","participant_id":0},{"key":404,"number":"404","status":"Disponivel","participant_id":0},{"key":405,"number":"405","status":"Disponivel","participant_id":0},{"key":406,"number":"406","status":"Disponivel","participant_id":0},{"key":407,"number":"407","status":"Disponivel","participant_id":0},{"key":408,"number":"408","status":"Disponivel","participant_id":0},{"key":409,"number":"409","status":"Disponivel","participant_id":0},{"key":410,"number":"410","status":"Disponivel","participant_id":0},{"key":411,"number":"411","status":"Disponivel","participant_id":0},{"key":412,"number":"412","status":"Disponivel","participant_id":0},{"key":413,"number":"413","status":"Disponivel","participant_id":0},{"key":414,"number":"414","status":"Disponivel","participant_id":0},{"key":415,"number":"415","status":"Disponivel","participant_id":0},{"key":416,"number":"416","status":"Disponivel","participant_id":0},{"key":417,"number":"417","status":"Disponivel","participant_id":0},{"key":418,"number":"418","status":"Disponivel","participant_id":0},{"key":419,"number":"419","status":"Disponivel","participant_id":0},{"key":420,"number":"420","status":"Disponivel","participant_id":0},{"key":421,"number":"421","status":"Disponivel","participant_id":0},{"key":422,"number":"422","status":"Disponivel","participant_id":0},{"key":423,"number":"423","status":"Disponivel","participant_id":0},{"key":424,"number":"424","status":"Disponivel","participant_id":0},{"key":425,"number":"425","status":"Disponivel","participant_id":0},{"key":426,"number":"426","status":"Disponivel","participant_id":0},{"key":427,"number":"427","status":"Disponivel","participant_id":0},{"key":428,"number":"428","status":"Disponivel","participant_id":0},{"key":429,"number":"429","status":"Disponivel","participant_id":0},{"key":430,"number":"430","status":"Disponivel","participant_id":0},{"key":431,"number":"431","status":"Disponivel","participant_id":0},{"key":432,"number":"432","status":"Disponivel","participant_id":0},{"key":433,"number":"433","status":"Disponivel","participant_id":0},{"key":434,"number":"434","status":"Disponivel","participant_id":0},{"key":435,"number":"435","status":"Disponivel","participant_id":0},{"key":436,"number":"436","status":"Disponivel","participant_id":0},{"key":437,"number":"437","status":"Disponivel","participant_id":0},{"key":438,"number":"438","status":"Disponivel","participant_id":0},{"key":439,"number":"439","status":"Disponivel","participant_id":0},{"key":440,"number":"440","status":"Disponivel","participant_id":0},{"key":441,"number":"441","status":"Disponivel","participant_id":0},{"key":442,"number":"442","status":"Disponivel","participant_id":0},{"key":443,"number":"443","status":"Disponivel","participant_id":0},{"key":444,"number":"444","status":"Disponivel","participant_id":0},{"key":445,"number":"445","status":"Disponivel","participant_id":0},{"key":446,"number":"446","status":"Disponivel","participant_id":0},{"key":447,"number":"447","status":"Disponivel","participant_id":0},{"key":448,"number":"448","status":"Disponivel","participant_id":0},{"key":449,"number":"449","status":"Disponivel","participant_id":0},{"key":450,"number":"450","status":"Disponivel","participant_id":0},{"key":451,"number":"451","status":"Disponivel","participant_id":0},{"key":452,"number":"452","status":"Disponivel","participant_id":0},{"key":453,"number":"453","status":"Disponivel","participant_id":0},{"key":454,"number":"454","status":"Disponivel","participant_id":0},{"key":455,"number":"455","status":"Disponivel","participant_id":0},{"key":456,"number":"456","status":"Disponivel","participant_id":0},{"key":457,"number":"457","status":"Disponivel","participant_id":0},{"key":458,"number":"458","status":"Disponivel","participant_id":0},{"key":459,"number":"459","status":"Disponivel","participant_id":0},{"key":460,"number":"460","status":"Disponivel","participant_id":0},{"key":461,"number":"461","status":"Disponivel","participant_id":0},{"key":462,"number":"462","status":"Disponivel","participant_id":0},{"key":463,"number":"463","status":"Disponivel","participant_id":0},{"key":464,"number":"464","status":"Disponivel","participant_id":0},{"key":465,"number":"465","status":"Disponivel","participant_id":0},{"key":466,"number":"466","status":"Disponivel","participant_id":0},{"key":467,"number":"467","status":"Disponivel","participant_id":0},{"key":468,"number":"468","status":"Disponivel","participant_id":0},{"key":469,"number":"469","status":"Disponivel","participant_id":0},{"key":470,"number":"470","status":"Disponivel","participant_id":0},{"key":471,"number":"471","status":"Disponivel","participant_id":0},{"key":472,"number":"472","status":"Disponivel","participant_id":0},{"key":473,"number":"473","status":"Disponivel","participant_id":0},{"key":474,"number":"474","status":"Disponivel","participant_id":0},{"key":475,"number":"475","status":"Disponivel","participant_id":0},{"key":476,"number":"476","status":"Disponivel","participant_id":0},{"key":477,"number":"477","status":"Disponivel","participant_id":0},{"key":478,"number":"478","status":"Disponivel","participant_id":0},{"key":479,"number":"479","status":"Disponivel","participant_id":0},{"key":480,"number":"480","status":"Disponivel","participant_id":0},{"key":481,"number":"481","status":"Disponivel","participant_id":0},{"key":482,"number":"482","status":"Disponivel","participant_id":0},{"key":483,"number":"483","status":"Disponivel","participant_id":0},{"key":484,"number":"484","status":"Disponivel","participant_id":0},{"key":485,"number":"485","status":"Disponivel","participant_id":0},{"key":486,"number":"486","status":"Disponivel","participant_id":0},{"key":487,"number":"487","status":"Disponivel","participant_id":0},{"key":488,"number":"488","status":"Disponivel","participant_id":0},{"key":489,"number":"489","status":"Disponivel","participant_id":0},{"key":490,"number":"490","status":"Disponivel","participant_id":0},{"key":491,"number":"491","status":"Disponivel","participant_id":0},{"key":492,"number":"492","status":"Disponivel","participant_id":0},{"key":493,"number":"493","status":"Disponivel","participant_id":0},{"key":494,"number":"494","status":"Disponivel","participant_id":0},{"key":495,"number":"495","status":"Disponivel","participant_id":0},{"key":496,"number":"496","status":"Disponivel","participant_id":0},{"key":497,"number":"497","status":"Disponivel","participant_id":0},{"key":498,"number":"498","status":"Disponivel","participant_id":0},{"key":499,"number":"499","status":"Disponivel","participant_id":0},{"key":500,"number":"500","status":"Disponivel","participant_id":0},{"key":501,"number":"501","status":"Disponivel","participant_id":0},{"key":502,"number":"502","status":"Disponivel","participant_id":0},{"key":503,"number":"503","status":"Disponivel","participant_id":0},{"key":504,"number":"504","status":"Disponivel","participant_id":0},{"key":505,"number":"505","status":"Disponivel","participant_id":0},{"key":506,"number":"506","status":"Disponivel","participant_id":0},{"key":507,"number":"507","status":"Disponivel","participant_id":0},{"key":508,"number":"508","status":"Disponivel","participant_id":0},{"key":509,"number":"509","status":"Disponivel","participant_id":0},{"key":510,"number":"510","status":"Disponivel","participant_id":0},{"key":511,"number":"511","status":"Disponivel","participant_id":0},{"key":512,"number":"512","status":"Disponivel","participant_id":0},{"key":513,"number":"513","status":"Disponivel","participant_id":0},{"key":514,"number":"514","status":"Disponivel","participant_id":0},{"key":515,"number":"515","status":"Disponivel","participant_id":0},{"key":516,"number":"516","status":"Disponivel","participant_id":0},{"key":517,"number":"517","status":"Disponivel","participant_id":0},{"key":518,"number":"518","status":"Disponivel","participant_id":0},{"key":519,"number":"519","status":"Disponivel","participant_id":0},{"key":520,"number":"520","status":"Disponivel","participant_id":0},{"key":521,"number":"521","status":"Disponivel","participant_id":0},{"key":522,"number":"522","status":"Disponivel","participant_id":0},{"key":523,"number":"523","status":"Disponivel","participant_id":0},{"key":524,"number":"524","status":"Disponivel","participant_id":0},{"key":525,"number":"525","status":"Disponivel","participant_id":0},{"key":526,"number":"526","status":"Disponivel","participant_id":0},{"key":527,"number":"527","status":"Disponivel","participant_id":0},{"key":528,"number":"528","status":"Disponivel","participant_id":0},{"key":529,"number":"529","status":"Disponivel","participant_id":0},{"key":530,"number":"530","status":"Disponivel","participant_id":0},{"key":531,"number":"531","status":"Disponivel","participant_id":0},{"key":532,"number":"532","status":"Disponivel","participant_id":0},{"key":533,"number":"533","status":"Disponivel","participant_id":0},{"key":534,"number":"534","status":"Disponivel","participant_id":0},{"key":535,"number":"535","status":"Disponivel","participant_id":0},{"key":536,"number":"536","status":"Disponivel","participant_id":0},{"key":537,"number":"537","status":"Disponivel","participant_id":0},{"key":538,"number":"538","status":"Disponivel","participant_id":0},{"key":539,"number":"539","status":"Disponivel","participant_id":0},{"key":540,"number":"540","status":"Disponivel","participant_id":0},{"key":541,"number":"541","status":"Disponivel","participant_id":0},{"key":542,"number":"542","status":"Disponivel","participant_id":0},{"key":543,"number":"543","status":"Disponivel","participant_id":0},{"key":544,"number":"544","status":"Disponivel","participant_id":0},{"key":545,"number":"545","status":"Disponivel","participant_id":0},{"key":546,"number":"546","status":"Disponivel","participant_id":0},{"key":547,"number":"547","status":"Disponivel","participant_id":0},{"key":548,"number":"548","status":"Disponivel","participant_id":0},{"key":549,"number":"549","status":"Disponivel","participant_id":0},{"key":550,"number":"550","status":"Disponivel","participant_id":0},{"key":551,"number":"551","status":"Disponivel","participant_id":0},{"key":552,"number":"552","status":"Disponivel","participant_id":0},{"key":553,"number":"553","status":"Disponivel","participant_id":0},{"key":554,"number":"554","status":"Disponivel","participant_id":0},{"key":555,"number":"555","status":"Disponivel","participant_id":0},{"key":556,"number":"556","status":"Disponivel","participant_id":0},{"key":557,"number":"557","status":"Disponivel","participant_id":0},{"key":558,"number":"558","status":"Disponivel","participant_id":0},{"key":559,"number":"559","status":"Disponivel","participant_id":0},{"key":560,"number":"560","status":"Disponivel","participant_id":0},{"key":561,"number":"561","status":"Disponivel","participant_id":0},{"key":562,"number":"562","status":"Disponivel","participant_id":0},{"key":563,"number":"563","status":"Disponivel","participant_id":0},{"key":564,"number":"564","status":"Disponivel","participant_id":0},{"key":565,"number":"565","status":"Disponivel","participant_id":0},{"key":566,"number":"566","status":"Disponivel","participant_id":0},{"key":567,"number":"567","status":"Disponivel","participant_id":0},{"key":568,"number":"568","status":"Disponivel","participant_id":0},{"key":569,"number":"569","status":"Disponivel","participant_id":0},{"key":570,"number":"570","status":"Disponivel","participant_id":0},{"key":571,"number":"571","status":"Disponivel","participant_id":0},{"key":572,"number":"572","status":"Disponivel","participant_id":0},{"key":573,"number":"573","status":"Disponivel","participant_id":0},{"key":574,"number":"574","status":"Disponivel","participant_id":0},{"key":575,"number":"575","status":"Disponivel","participant_id":0},{"key":576,"number":"576","status":"Disponivel","participant_id":0},{"key":577,"number":"577","status":"Disponivel","participant_id":0},{"key":578,"number":"578","status":"Disponivel","participant_id":0},{"key":579,"number":"579","status":"Disponivel","participant_id":0},{"key":580,"number":"580","status":"Disponivel","participant_id":0},{"key":581,"number":"581","status":"Disponivel","participant_id":0},{"key":582,"number":"582","status":"Disponivel","participant_id":0},{"key":583,"number":"583","status":"Disponivel","participant_id":0},{"key":584,"number":"584","status":"Disponivel","participant_id":0},{"key":585,"number":"585","status":"Disponivel","participant_id":0},{"key":586,"number":"586","status":"Disponivel","participant_id":0},{"key":587,"number":"587","status":"Disponivel","participant_id":0},{"key":588,"number":"588","status":"Disponivel","participant_id":0},{"key":589,"number":"589","status":"Disponivel","participant_id":0},{"key":590,"number":"590","status":"Disponivel","participant_id":0},{"key":591,"number":"591","status":"Disponivel","participant_id":0},{"key":592,"number":"592","status":"Disponivel","participant_id":0},{"key":593,"number":"593","status":"Disponivel","participant_id":0},{"key":594,"number":"594","status":"Disponivel","participant_id":0},{"key":595,"number":"595","status":"Disponivel","participant_id":0},{"key":596,"number":"596","status":"Disponivel","participant_id":0},{"key":597,"number":"597","status":"Disponivel","participant_id":0},{"key":598,"number":"598","status":"Disponivel","participant_id":0},{"key":599,"number":"599","status":"Disponivel","participant_id":0}]